/about,internal:/node/2136
/about-tippie/academic-departments/business-analytics/futurebaprof,internal:/node/2301
/about-tippie/academic-departments/management-and-organizations/phd-job-market-candidates,internal:/node/1421
/about-tippie/academic-departments/management-sciences/business-analytics-case-competition,internal:/node/1056
/about-tippie/academic-departments/management-sciences/business-analytics-case-competition/news,internal:/node/1056
/about-tippie/academic-departments/management-sciences/business-analytics-case-competition/registration-logistics,internal:/node/1056
/about-tippie/academic-departments/management-sciences/business-analytics-case-competition/rules-prizes,internal:/node/1056
/about-tippie/academic-departments/management-sciences/business-analytics-case-competition/schedule,internal:/node/1056
/about-tippie/academic-departments/management-sciences/data-mining-iowa-group-research,internal:/node/2236
/about-tippie/academic-departments/management-sciences/phd-job-market-candidates,internal:/node/1381
/about-tippie/academic-departments/management-sciences/seminar-series,internal:/node/2236
/about-tippie/alumni/discounted-courses-mba-/alumni/eligible-courses,internal:/node/2146
/about-tippie/alumni/tippie-young-alumni-board,internal:/node/2196
/about-tippie/centers-and-institutes/tippie-analytics-cooperative,internal:/node/1746
/about-tippie/centers-institutes/tippie-analytics-cooperative/advisory-board,internal:/node/1776
/about-tippie/overview/sustainability-tippie/frontier-co-op-tippie-impact-competition,internal:/node/2391
/about-tippie/overview/sustainability-tippie/frontier-tippie-impact-competition,internal:/node/2391
/about-tippie/overview/technology-facilities,https://students.tippie.uiowa.edu/tippie-resources
/about-tippie/overview/technology/stead-technology-services-group-stsg,https://students.tippie.uiowa.edu/tippie-resources/technology/stead-tech
/about-tippie/research,internal:/node/501
/about-tippie/research/management-and-organizations,internal:/node/1496
/about-tippie/research/management-sciences,internal:/node/2236
/about-tippie/tippie-alumni,internal:/node/2146
/about/henry.cfm,https://www.biz.uiowa.edu/henry/
/about/pappajohn-building.cfm,https://students.tippie.uiowa.edu/tippie-resources/facilities
/accounting/bba,internal:/node/1866
/accounting/bba/index.cfm,internal:/node/1866
/accounting/mac,internal:/node/846
/accounting/mac/admission.cfm,internal:/node/901
/accounting/mac/core.cfm,internal:/node/891
/accounting/mac/faq.cfm,internal:/node/846
/accounting/mac/index.cfm,internal:/node/846
/accounting/mac/reference_letter.pdf,internal:/node/901
/accounting/mac/requirements.cfm,internal:/node/901
/accounting/mac/scholarship-application.cfm,https://students.tippie.uiowa.edu/masters-students/master-accountancy/mac-scholarship-application
/accounting/mac/specialization.pdf,internal:/node/891
/accounting/mac/specializations.cfm,internal:/node/891
/accounting/phd,internal:/node/1366
/accounting/phd/description.cfm,internal:/node/1366
/accounting/phd/index.cfm,internal:/node/1366
/accounting/phd/phd-working-papers.cfm,internal:/node/1496
/accounting/phd/publications.cfm,internal:/node/1496
/accounting/phd/ranking.cfm,internal:/node/1366
/accounting/phd/seminars.cfm,internal:/node/1471
/accounting/writing/begin.cfm,https://students.tippie.uiowa.edu/tippie-resources/frank-business-communication-center/communication-resources/writing-program
/accounting/writing/bibliography.cfm,https://students.tippie.uiowa.edu/tippie-resources/frank-business-communication-center/communication-resources/writing-program/how
/accounting/writing/index.cfm,https://students.tippie.uiowa.edu/tippie-resources/frank-business-communication-center/communication-resources/writing-program
/advising,https://students.tippie.uiowa.edu/undergraduates/academics/undergraduate-advising
/alumni,internal:/node/2146
/alumni/vaughan,internal:/node/2081
/alumni/vaughan/apply.cfm,internal:/node/2081
/alumni/vaughan/index.cfm,internal:/node/2081
/alumni/vaughan/members.cfm,internal:/node/2081
/alumni/yab,internal:/node/2196
/alumni/yab/apply.cfm,internal:/node/2196
/alumni/yab/careerevent.cfm,internal:/node/2196
/alumni/yab/index.cfm,internal:/node/2196
/alumni/yab/members.cfm,internal:/node/2196
/alumni/yab/programs.cfm,internal:/node/2196
/alumni/yab/year_round.cfm,internal:/node/2196
/bap,https://www.biz.uiowa.edu/bap/
/bap/vita,https://www.biz.uiowa.edu/vita/
/bizcomm,https://students.tippie.uiowa.edu/tippie-resources/frank-business-communication-center
/bizcomm/how to write a memo.pdf,https://students.tippie.uiowa.edu/tippie-resources/frank-business-communication-center/communication-resources/writing-program-1
/bizcomm/resources.cfm,https://students.tippie.uiowa.edu/tippie-resources/frank-business-communication-center/communication-resources/writing-program-1
/bizcomm/tipsheets.cfm,https://students.tippie.uiowa.edu/tippie-resources/frank-business-communication-center/communication-resources/writing-program-1
/bsao,https://students.tippie.uiowa.edu/undergraduates/get-involved/student-organizations/business-student-ambassadors
/bus3100,https://students.tippie.uiowa.edu/undergraduates/find-internship/about-bus3100
/business-analytics/index.cfm,internal:/node/1156
/businessanalytics,internal:/node/1156
/calendar,internal:/node/2271
/calendar/event.cfm,internal:/node/2271
/calendar/index.cfm,internal:/node/2271
/centers-institutes,internal:/node/2256
/commencement,https://students.tippie.uiowa.edu/undergraduates/graduation
/contact.cfm,internal:/node/2381
/content/futurebaprof-application,internal:/node/2306
/content/register-women-analytics-and-leadership-conference,internal:/node/1811
/course-schedule-summer-2021,https://students.tippie.uiowa.edu/mba-students/iowa-mba/course-schedule
/course-schedule-summer-2021-0,https://students.tippie.uiowa.edu/mba-students/iowa-mba/course-schedule
/current,https://students.tippie.uiowa.edu/
/current-/students/masters-/students/business-analytics-ms-certificate/course-schedule,https://students.tippie.uiowa.edu/masters-students/part-time-business-analytics-masters-certificate/course-schedule
/current-/students/masters-/students/master-/finance/career-services-0,https://students.tippie.uiowa.edu/masters-students/master-finance/career-services
/current-/students/mba-/students/full-time-mba/academics/concentrations/business-analytics,internal:/node/461
/current-/students/mba-/students/full-time-mba/academics/concentrations/finance/henry-fund,https://www.biz.uiowa.edu/henry/
/current-/students/mba-/students/mba-graduation,https://students.tippie.uiowa.edu/mba-students/mba-commencement
/current-/students/mba-/students/professional-and-online-mba/course-planning/textbooks,https://students.tippie.uiowa.edu/mba-students/iowa-mba/course-planning/textbooks
/current-/students/mba-/students/professional-and-online-mba/course-schedule,https://students.tippie.uiowa.edu/mba-students/iowa-mba/course-schedule
/current-/students/mba-/students/professional-mba,https://students.tippie.uiowa.edu/mba-students/iowa-mba
/current-/students/mba-/students/professional-mba-and-online-mba/course-schedule,https://students.tippie.uiowa.edu/mba-students/iowa-mba/course-schedule
/current-/students/mba-/students/professional-mba-and-online-mba/events-calendar,https://students.tippie.uiowa.edu/content/events-calendar
/current-/students/mba-/students/professional-mba/advising/courses,https://students.tippie.uiowa.edu/mba-students/iowa-mba/course-planning/courses
/current-/students/mba-/students/professional-mba/advising/plan-study,https://students.tippie.uiowa.edu/mba-students/iowa-mba/course-planning/plan-study
/current-/students/mba-/students/professional-mba/advising/registering-classes,https://students.tippie.uiowa.edu/mba-students/iowa-mba/course-planning/registering-classes
/current-/students/mba-/students/professional-mba/course-planning/registering-classes,https://students.tippie.uiowa.edu/mba-students/iowa-mba/course-planning/registering-classes
/current-/students/mba-/students/professional-mba/course-planning/textbooks,https://students.tippie.uiowa.edu/mba-students/iowa-mba/course-planning/textbooks
/current-/students/mba-/students/professional-mba/course-schedule,https://students.tippie.uiowa.edu/mba-students/iowa-mba/course-schedule
/current-/students/mba-/students/professional-mba/course-schedule/mba-winter-2021,https://students.tippie.uiowa.edu/mba-students/iowa-mba/course-schedule
/current-/students/mba-/students/professional-mba/course-schedule/summer-2022,https://students.tippie.uiowa.edu/mba-students/iowa-mba/course-schedule
/current-/students/mba-/students/professional-mba/textbooks,https://students.tippie.uiowa.edu/mba-students/iowa-mba/course-planning/textbooks
/current-/students/undergraduates/academics/advising/honors,https://students.tippie.uiowa.edu/undergraduates/academics/honors-distinctions
/current-/students/undergraduates/academics/majors-and-minors/accounting/accounting-writing-program,https://students.tippie.uiowa.edu/tippie-resources/frank-business-communication-center/communication-resources/writing-program
/current-/students/undergraduates/find-internship/whats-an-internship,https://students.tippie.uiowa.edu/undergraduates/find-internship/internship-guide
/current-/students/undergraduates/get-involved/centers-and-institutes/vaughan-institute,internal:/node/2066
/current-/students/undergraduates/get-involved/centers-and-institutes/vaughan-institute/opportunities,internal:/node/2076
/current-/students/undergraduates/global-experiences/locations/funding-study-abroad,https://students.tippie.uiowa.edu/undergraduates/global-experiences/funding-study-abroad
/current-/students/undergraduates/global-experiences/study-abroad/funding-study-abroad,https://students.tippie.uiowa.edu/undergraduates/global-experiences/funding-study-abroad
/diversity,internal:/node/2091
/econ,internal:/node/2116
/economics/phd,internal:/node/1386
/economics/phd/candidates.cfm,internal:/node/1421
/economics/phd/index.cfm,internal:/node/1386
/economics/phd/past-placement.cfm,internal:/node/1386
/economics/phd/placement.cfm,internal:/node/1386
/economics/tow,internal:/node/1691
/economics/tow/index.cfm,internal:/node/1691
/economics/tow/workshops.cfm,internal:/node/1691
/economics/undergraduate.cfm,internal:/node/2116
/eeir,internal:/node/1666
/emba,internal:/node/716
/emba-masterclass,internal:/node/721
/emba-nonprofit-scholarship,internal:/node/831
/emba-scholarship,internal:/node/831
/embaevent,internal:/node/721
/events-calendar,https://students.tippie.uiowa.edu/content/events-calendar
/execmba,internal:/node/716
/execmba/about,internal:/node/716
/execmba/admissions,internal:/node/716
/execmba/alumni,internal:/node/716
/execmba/apply.cfm,internal:/node/716
/execmba/contact.cfm,internal:/node/716
/execmba/desmoines,internal:/node/716
/execmba/docs/recommendation.doc,internal:/node/821
/execmba/dual,internal:/node/716
/execmba/dual/curriculum.cfm,internal:/node/716
/execmba/faculty,internal:/node/716
/execmba/landing,internal:/node/716
/execmba/landing/index.cfm,internal:/node/716
/execmba/landing/linkedin,internal:/node/716
/execmba/program,internal:/node/716
/execmba/students,internal:/node/716
/executive-education,internal:/node/1811
/executivemba,internal:/node/716
/faculty-staff,/people
/finance/mba/index.cfm,internal:/node/461
/finance/phd,internal:/node/1391
/finance/phd/graduates.cfm,internal:/node/1391
/finance/phd/index.cfm,internal:/node/1391
/finance/phd/requirements.cfm,internal:/node/1391
/finance/undergraduate.cfm,internal:/node/1926
/full-time-mba,internal:/node/461
/full-time-mba/competition,internal:/node/1056
/fulltimemba,internal:/node/461
/fulltimemba/academics,internal:/node/461
/fulltimemba/academics/academies.cfm,internal:/node/461
/fulltimemba/academics/business-analytics,internal:/node/461
/fulltimemba/academics/corecourses.cfm,internal:/node/461
/fulltimemba/academics/field-studies.cfm,internal:/node/461
/fulltimemba/academics/finance,internal:/node/461
/fulltimemba/academics/finance/courses.cfm,internal:/node/461
/fulltimemba/academics/finance/index.cfm,internal:/node/461
/fulltimemba/academics/finance/mentor.cfm,internal:/node/461
/fulltimemba/academics/investment-management.cfm,internal:/node/461
/fulltimemba/academics/joint-degrees.cfm,internal:/node/461
/fulltimemba/academics/managing-customers.cfm,internal:/node/461
/fulltimemba/academics/marketing,internal:/node/461
/fulltimemba/academics/marketing/experiential-learning.cfm,internal:/node/461
/fulltimemba/academics/marketing/topics.cfm,internal:/node/461
/fulltimemba/academics/minors.cfm,internal:/node/461
/fulltimemba/academics/plansofstudy.cfm,internal:/node/461
/fulltimemba/academics/process-excellence.cfm,internal:/node/461
/fulltimemba/academics/specializations.cfm,internal:/node/461
/fulltimemba/academics/strategic-innovation,internal:/node/461
/fulltimemba/academics/strategic-innovation/index.cfm,internal:/node/461
/fulltimemba/admissions,internal:/node/461
/fulltimemba/admissions/application-materials,internal:/node/461
/fulltimemba/admissions/application-materials/index.cfm,internal:/node/461
/fulltimemba/admissions/apply.cfm,internal:/node/461
/fulltimemba/admissions/campus-visit.cfm,internal:/node/461
/fulltimemba/admissions/contact-admissions.cfm,internal:/node/461
/fulltimemba/admissions/criteria.cfm,internal:/node/461
/fulltimemba/admissions/englishreqs.cfm,internal:/node/461
/fulltimemba/admissions/essay.cfm,internal:/node/461
/fulltimemba/admissions/faq.cfm,internal:/node/461
/fulltimemba/admissions/financing.cfm,internal:/node/461
/fulltimemba/admissions/graduate-assistantships.cfm,internal:/node/461
/fulltimemba/admissions/index.cfm,internal:/node/461
/fulltimemba/admissions/international-applicants.cfm,internal:/node/461
/fulltimemba/admissions/landing/resume,internal:/node/461
/fulltimemba/admissions/meritbased.cfm,internal:/node/461
/fulltimemba/admissions/profiles.cfm,internal:/node/461
/fulltimemba/admissions/scholarships.cfm,internal:/node/461
/fulltimemba/admissions/skype.cfm,internal:/node/461
/fulltimemba/admissions/take2.cfm,internal:/node/461
/fulltimemba/admissions/transcripts.cfm,internal:/node/461
/fulltimemba/admissions/tuition-finaid.cfm,internal:/node/461
/fulltimemba/bsc,internal:/node/461
/fulltimemba/bsc/approach.cfm,internal:/node/461
/fulltimemba/bsc/news,internal:/node/461
/fulltimemba/bsc/portfolio.cfm,internal:/node/461
/fulltimemba/bsc/project-structure.cfm,internal:/node/461
/fulltimemba/bsc/projects_spring2012.cfm,internal:/node/461
/fulltimemba/careers,internal:/node/461
/fulltimemba/careers/companies.cfm,internal:/node/461
/fulltimemba/careers/contact.cfm,internal:/node/461
/fulltimemba/careers/employers,internal:/node/461
/fulltimemba/careers/employers/accommodations.cfm,internal:/node/461
/fulltimemba/careers/employers/resume-books.cfm,internal:/node/461
/fulltimemba/careers/statistics.cfm,internal:/node/461
/fulltimemba/community,internal:/node/461
/fulltimemba/community/alumni.cfm,internal:/node/2146
/fulltimemba/community/index.cfm,internal:/node/461
/fulltimemba/community/iowa-city.cfm,internal:/node/461
/fulltimemba/community/staff.cfm,internal:/node/461
/fulltimemba/community/student-organizations.cfm,internal:/node/461
/fulltimemba/community/ui.cfm,internal:/node/461
/fulltimemba/contact.cfm,internal:/node/461
/fulltimemba/ft-rankings.cfm,internal:/node/461
/fulltimemba/glo/uae.cfm,internal:/node/461
/fulltimemba/leadership,internal:/node/461
/fulltimemba/leadership/plan.cfm,internal:/node/461
/fulltimemba/links,internal:/node/461
/fulltimemba/organizations/gfma,internal:/node/461
/fulltimemba/organizations/gfma/index.cfm,internal:/node/461
/fulltimemba/organizations/gma,internal:/node/461
/fulltimemba/organizations/mbaa,internal:/node/461
/fulltimemba/organizations/mbawomen,internal:/node/461
/fulltimemba/organizations/netimpact,internal:/node/461
/fulltimemba/organizations/tbsa,internal:/node/461
/fulltimemba/organizations/tla,internal:/node/461
/fulltimemba/pdf/BusinessAnalytics2015.pdf,internal:/node/461
/fulltimemba/pdf/Finance_CorporateFinance2015.pdf,internal:/node/461
/fulltimemba/rankings.cfm,internal:/node/461
/fulltimemba/students/calendar.cfm,internal:/node/461
/fulltimemba/students/housing.cfm,internal:/node/461
/fulltimemba/students/impact.cfm,internal:/node/461
/fulltimemba/students/mbamath.cfm,internal:/node/461
/fulltimemba/students/premba-checklist.cfm,internal:/node/461
/fulltimemba/students/textbooks.cfm,internal:/node/461
/fulltimemba/viewbook,internal:/node/461
/fulltimemba/viewbook/index.html,internal:/node/461
/fulltimemba/viewbook/mobile/index.html,internal:/node/461
/fulltimemba/wall,internal:/node/461
/future-graduate-/students/masters-programs/accounting-mac/cpa-exam-stats,internal:/node/846
/future-graduate-/students/masters-programs/business-analytics),internal:/node/1086
/future-graduate-/students/masters-programs/business-analytics/admission,internal:/node/1131
/future-graduate-/students/masters-programs/business-analytics/class-profile,internal:/node/1151
/future-graduate-/students/masters-programs/business-analytics/contact-us,internal:/node/1146
/future-graduate-/students/masters-programs/business-analytics/curriculum,internal:/node/1101
/future-graduate-/students/masters-programs/business-analytics/master-science-business-analytics,internal:/node/1086
/future-graduate-/students/masters-programs/business-analytics/mba-ms-business-analytics-joint-degree,internal:/node/1141
/future-graduate-/students/masters-programs/business-analytics/program-overview,internal:/node/1086
/future-graduate-/students/masters-programs/business-analytics/request-info,internal:/node/741
/future-graduate-/students/masters-programs/business-analytics/student-ambassadors,internal:/node/1031
/future-graduate-/students/masters-programs/finance),internal:/node/1181
/future-graduate-/students/masters-programs/finance/admission,internal:/node/1191
/future-graduate-/students/masters-programs/finance/admission/admissions-events,internal:/node/1166
/future-graduate-/students/masters-programs/finance/admission/application-process,internal:/node/1276
/future-graduate-/students/masters-programs/finance/application-process,internal:/node/1276
/future-graduate-/students/masters-programs/finance/course-descriptions,internal:/node/1186
/future-graduate-/students/masters-programs/finance/curriculum/fixed-income-fund,internal:/node/1261
/future-graduate-/students/masters-programs/finance/curriculum/undergraduate-graduate,internal:/node/1201
/future-graduate-/students/masters-programs/finance/plan-study,internal:/node/1251
/future-graduate-/students/masters-programs/full-time-ms-business-analytics/admissions/admissions-events,internal:/node/931
/future-graduate-/students/masters-programs/full-time-ms-business-analytics/curriculum/undergraduate-graduate,internal:/node/1001
/future-graduate-/students/masters-programs/mac,internal:/node/846
/future-graduate-/students/mba-programs/executive-mba/admissions/webinar2,internal:/node/736
/future-graduate-/students/mba-programs/executive-mba/admissions/webinar2,internal:/node/736
/future-graduate-/students/mba-programs/executive-mba/emba-experience,internal:/node/716
/future-graduate-/students/mba-programs/full-time-mba/academics/business-analytics/business-analytics,internal:/node/461
/future-graduate-/students/mba-programs/full-time-mba/academics/global-learning-opportunities,internal:/node/461
/future-graduate-/students/mba-programs/full-time-mba/academics/marketing/marketing-careers-paths,internal:/node/461
/future-graduate-/students/mba-programs/full-time-mba/admissions,internal:/node/461
/future-graduate-/students/mba-programs/full-time-mba/admissions/admission-criteria,internal:/node/461
/future-graduate-/students/mba-programs/full-time-mba/admissions/admissions-criteria,internal:/node/461
/future-graduate-/students/mba-programs/full-time-mba/admissions/tuition-scholarships/mba-scholarships,internal:/node/461
/future-graduate-/students/mba-programs/full-time-mba/beyond-classroom/womens-leadership-program,internal:/node/2091
/future-graduate-/students/mba-programs/iowa-mba-program,internal:/node/461
/future-graduate-/students/mba-programs/online-mba/admissions,internal:/node/296
/future-graduate-/students/mba-programs/online-mba/admissions/admissions-events,internal:/node/366
/future-graduate-/students/mba-programs/online-mba/admissions/application-process,internal:/node/341
/future-graduate-/students/mba-programs/online-mba/admissions/gmatgre-waivers,internal:/node/296
/future-graduate-/students/mba-programs/online-mba/admissions/international-student-admissions,internal:/node/356
/future-graduate-/students/mba-programs/online-mba/admissions/transfer-credits-waivers,internal:/node/346
/future-graduate-/students/mba-programs/online-mba/career-management,internal:/node/306
/future-graduate-/students/mba-programs/online-mba/career-services,internal:/node/306
/future-graduate-/students/mba-programs/online-mba/class-profile,internal:/node/301
/future-graduate-/students/mba-programs/online-mba/compare-mba-programs,internal:/node/461
/future-graduate-/students/mba-programs/online-mba/contact-us,internal:/node/371
/future-graduate-/students/mba-programs/online-mba/curriculum,internal:/node/286
/future-graduate-/students/mba-programs/online-mba/curriculum/certificates,internal:/node/321
/future-graduate-/students/mba-programs/online-mba/curriculum/course-descriptions,internal:/node/286
/future-graduate-/students/mba-programs/online-mba/curriculum/plan-study,internal:/node/316
/future-graduate-/students/mba-programs/online-mba/program-overview,internal:/node/461
/future-graduate-/students/mba-programs/online-mba/tuition-and-financing,internal:/node/291
/future-graduate-/students/mba-programs/professional-mba/admission,internal:/node/296
/future-graduate-/students/mba-programs/professional-mba/admission/application-process,internal:/node/341
/future-graduate-/students/mba-programs/professional-mba/admission/gmat-gre-information,internal:/node/1786
/future-graduate-/students/mba-programs/professional-mba/admission/gmat-gre-information/gmat-gre-test-prep-resources,internal:/node/1786
/future-graduate-/students/mba-programs/professional-mba/admission/gmat-gre-information/gmatgre-waivers,internal:/node/1786
/future-graduate-/students/mba-programs/professional-mba/admission/gmat-gre-test-prep-resources,internal:/node/1786
/future-graduate-/students/mba-programs/professional-mba/admission/international-student-admission,internal:/node/356
/future-graduate-/students/mba-programs/professional-mba/admission/transfer-credits-waivers,internal:/node/346
/future-graduate-/students/mba-programs/professional-mba/admission/tuition-financing,internal:/node/291
/future-graduate-/students/mba-programs/professional-mba/admissions,internal:/node/296
/future-graduate-/students/mba-programs/professional-mba/admissions/application-process,internal:/node/341
/future-graduate-/students/mba-programs/professional-mba/admissions/gmat-gre-information,internal:/node/1786
/future-graduate-/students/mba-programs/professional-mba/admissions/gmat-gre-information/gmat-gre-test-prep-resources,internal:/node/1786
/future-graduate-/students/mba-programs/professional-mba/admissions/gmat-gre-information/gmatgre-waivers,internal:/node/1786
/future-graduate-/students/mba-programs/professional-mba/admissions/international-student-admissions,internal:/node/356
/future-graduate-/students/mba-programs/professional-mba/admissions/transfer-credits-waivers,internal:/node/346
/future-graduate-/students/mba-programs/professional-mba/admissions/tuition-financing,internal:/node/291
/future-graduate-/students/mba-programs/professional-mba/career-resources,internal:/node/306
/future-graduate-/students/mba-programs/professional-mba/class-profile,internal:/node/301
/future-graduate-/students/mba-programs/professional-mba/class-profile/employers-represented,internal:/node/301
/future-graduate-/students/mba-programs/professional-mba/contact-us,internal:/node/371
/future-graduate-/students/mba-programs/professional-mba/curriculum,internal:/node/286
/future-graduate-/students/mba-programs/professional-mba/curriculum/certificates-joint-degrees,internal:/node/881
/future-graduate-/students/mba-programs/professional-mba/curriculum/certificates-joint-degrees/healthcare-management-certificate,internal:/node/886
/future-graduate-/students/mba-programs/professional-mba/curriculum/certificates-joint-degrees/healthcare-management-certificate/request-info,internal:/node/886
/future-graduate-/students/mba-programs/professional-mba/curriculum/certificates-joint-degrees/mba-jd-joint-degree,internal:/node/386
/future-graduate-/students/mba-programs/professional-mba/curriculum/certificates-joint-degrees/mba-md-joint-degree,internal:/node/391
/future-graduate-/students/mba-programs/professional-mba/curriculum/courses,internal:/node/286
/future-graduate-/students/mba-programs/professional-mba/curriculum/global-learning-opportunities,internal:/node/331
/future-graduate-/students/mba-programs/professional-mba/curriculum/plan-study,internal:/node/316
/future-graduate-/students/mba-programs/professional-mba/program-overview,internal:/node/461
/future-graduate-/students/mba-programs/professional-mba/tuition-financing,internal:/node/291
/future-graduate-/students/phd-programs/phd-/management-organizations/current-students,internal:/node/1396
/future-graduate-/students/phd-programs/phd-/management-organizations/program-overview,internal:/node/1396
/future-graduate-/students/phd-programs/phd-/management-sciences/current-students,internal:/node/1381
/future-graduate-/students/phd-programs/phd-/management-sciences/program-overview,internal:/node/1381
/future-graduate-/students/phd-programs/phd-management-organizations,internal:/node/1396
/future-graduate-/students/phd-programs/phd-management-sciences,internal:/node/1381
/future-undergraduates/admissions/high-school-/students/tippie-gateway-program,internal:/node/1981
/future-undergraduates/majors/business-analytics-information-systems/business-analytics-information,internal:/node/1896
/futurebaprof,internal:/node/2301
/gateway,internal:/node/1981
/hawkinson*,internal:/node/2046
/henry,https://www.biz.uiowa.edu/henry/
/henry/advisory_board.cfm,https://www.biz.uiowa.edu/henry/
/henry/contact.cfm,https://www.biz.uiowa.edu/henry/
/henry/portfolio.cfm,https://www.biz.uiowa.edu/henry/
/henry/research.cfm,https://www.biz.uiowa.edu/henry/research/
/hongkong*,internal:/node/461
/honors,https://students.tippie.uiowa.edu/undergraduates/academics/honors-distinctions
/iem,https://iemweb.biz.uiowa.edu
/iem/about,https://iemweb.biz.uiowa.edu/about
/iem/closed,https://iemweb.biz.uiowa.edu/closed
/iem/contact.html,https://iemweb.biz.uiowa.edu/contact.html
/iem/faq.html,https://iemweb.biz.uiowa.edu/faq.html
/iem/markets,https://iemweb.biz.uiowa.edu/markets
/iem/research,https://iemweb.biz.uiowa.edu/research
/iem/research/bayesian,https://iemweb.biz.uiowa.edu/research/bayesian
/iem/research/longrunaccuracy,https://iemweb.biz.uiowa.edu/research/LongRunAccuracy
/iem/trmanual,https://iemweb.biz.uiowa.edu/trmanual
/iemba,internal:/node/716
/iib,internal:/node/2311
/internships,https://students.tippie.uiowa.edu/undergraduates/find-internship
/iowa-mba,internal:/node/461
/iowamba,internal:/node/461
/krause,https://students.tippie.uiowa.edu/undergraduates/academics/majors-minors/finance/krause-fund
/krause/research.cfm,https://students.tippie.uiowa.edu/undergraduates/academics/majors-minors/finance/krause-fund
/management-and-organizations,internal:/node/2246
/management-organizations,internal:/node/2246
/management-organizations/contact.cfm,internal:/node/2246
/management-organizations/courses.cfm,internal:/node/2246
/management-organizations/faculty_profiles.cfm,internal:/node/2246
/management-organizations/gradprograms.cfm,internal:/node/2246
/management-organizations/organizations.cfm,internal:/node/2246
/management-organizations/phd,internal:/node/1396
/management-organizations/phd/admission.cfm,internal:/node/1396
/management-organizations/phd/astrovecv.pdf,internal:/node/1396
/management-organizations/phd/contact.cfm,internal:/node/1346
/management-organizations/phd/financial.cfm,internal:/node/1396
/management-organizations/phd/index.cfm,internal:/node/1396
/management-organizations/phd/placements.cfm,internal:/node/1396
/management-organizations/schmidt.cfm,internal:/node/2246
/management-organizations/schrag.cfm,internal:/node/2246
/management-organizations/tracks.cfm,internal:/node/2246
/management-organizations/undergraduate.cfm,internal:/node/1936
/management-sciences,internal:/node/2236
/management-sciences/bais.cfm,internal:/node/2236
/management-sciences/courses.cfm,internal:/node/2236
/management-sciences/electives.cfm,internal:/node/2236
/management-sciences/emphasis.cfm,internal:/node/2236
/management-sciences/faculty.cfm,internal:/node/2236
/management-sciences/labs.cfm,internal:/node/2236
/management-sciences/mba,internal:/node/2236
/management-sciences/mba/index.cfm,internal:/node/2236
/management-sciences/news.cfm,internal:/node/2236
/management-sciences/phd,internal:/node/1381
/management-sciences/phd/index.cfm,internal:/node/1381
/management-sciences/phd/new/handbook.pdf,internal:/node/2236
/management-sciences/phd/requirements.cfm,internal:/node/1381
/management-sciences/phd/research.cfm,internal:/node/1381
/management-sciences/phd/students.cfm,internal:/node/1381
/management-sciences/tippietech.cfm,internal:/node/2236
/management-sciences/undergraduate.cfm,internal:/node/1896
/marketing/institute*,internal:/node/2056
/marketing/mba/courses.cfm,internal:/node/461
/marketing/phd,internal:/node/1411
/marketing/phd/index.cfm,internal:/node/1411
/marketing/undergraduate.cfm,internal:/node/1946
/mba,internal:/node/461
/mba/apply.cfm,internal:/node/461
/mba/commencement,https://students.tippie.uiowa.edu/mba-students/mba-commencement
/mba/compare.cfm,internal:/node/461
/mba/contact.cfm,internal:/node/461
/mba/content.asp,internal:/node/461
/mba/locations.cfm,internal:/node/2136
/mba/referral,internal:/node/461
/mbapm,internal:/node/461
/mbapm/about,internal:/node/461
/mbapm/about/history.cfm,internal:/node/461
/mbapm/about/locations.cfm,internal:/node/461
/mbapm/advising,https://students.tippie.uiowa.edu/mba-students/iowa-mba/course-planning
/mbapm/alumni,internal:/node/2146
/mbapm/calendar/index.cfm,https://students.tippie.uiowa.edu/content/events-calendar
/mbapm/courses,https://students.tippie.uiowa.edu/mba-students/iowa-mba/course-planning/courses
/mbapm/current,https://students.tippie.uiowa.edu/mba-students/iowa-mba
/mbapm/current/academics.cfm,https://students.tippie.uiowa.edu/mba-students/iowa-mba
/mbapm/current/descriptions.cfm,https://students.tippie.uiowa.edu/mba-students/iowa-mba
/mbapm/current/global.cfm,https://students.tippie.uiowa.edu/mba-students/iowa-mba
/mbapm/current/library.cfm,https://students.tippie.uiowa.edu/mba-students/iowa-mba
/mbapm/current/registration.cfm,https://students.tippie.uiowa.edu/mba-students/iowa-mba
/mbapm/current/resources.cfm,https://students.tippie.uiowa.edu/mba-students/iowa-mba
/mbapm/current/textbooks.cfm,https://students.tippie.uiowa.edu/mba-students/iowa-mba
/mbapm/current/ui-resources.cfm,internal:/node/461
/mbapm/docs/new-student-guide.pdf,internal:/node/461
/mbapm/faculty/support.cfm,https://tip.biz.uiowa.edu/teaching/pmba-faculty/
/mbapm/glo,https://students.tippie.uiowa.edu/mba-students/global-learning-opportunities
/mbapm/honorcode,https://students.tippie.uiowa.edu/content/mba-masters-honor-code-and-policies
/mbapm/infosessions,internal:/node/461
/mbapm/infosessions/index.cfm,internal:/node/461
/mbapm/prospective,internal:/node/461
/mbapm/prospective/academics.cfm,internal:/node/461
/mbapm/prospective/connections.cfm,internal:/node/461
/mbapm/prospective/faq.cfm,internal:/node/461
/mbapm/prospective/getting-started.cfm,internal:/node/461
/mbapm/prospective/gmat_workshop.cfm,internal:/node/461
/mbapm/prospective/gmat-gre-prep.cfm,internal:/node/461
/mbapm/prospective/gmat-gre.cfm,internal:/node/461
/mbapm/prospective/gre.cfm,internal:/node/461
/mbapm/prospective/international-study.cfm,internal:/node/461
/mbapm/prospective/locations.cfm,internal:/node/461
/mbapm/prospective/plan-of-study.cfm,internal:/node/461
/mbapm/prospective/premba.cfm,internal:/node/461
/mbapm/prospective/tuition.cfm,https://tippie.prod.drupal.uiowa.edu/iowa-mba/tuition-aid
/news/story.cfm,internal:/node/2266
/omba,internal:/node/461
/omba-advising,https://students.tippie.uiowa.edu/mba-students/iowa-mba/course-planning
/omba-course-schedule-summer-2021,https://students.tippie.uiowa.edu/mba-students/iowa-mba/course-schedule
/online-mba-course-schedule-summer-2021,https://students.tippie.uiowa.edu/mba-students/iowa-mba/course-schedule
/onlinemba,internal:/node/461
/people/administration.cfm,/people
/people/azfaculty.cfm,/people
/people/cristi-a-gleason,/people/cristi-gleason
/people/henryboard.cfm,https://www.biz.uiowa.edu/henry/
/people/justine-retz-0,/people/justine-retz
/people/luis-miguel-encarnação,/people
/people/michael-e-schluckebier,/people/michael-schluckebier
/people/sarah-r-frank,/people/sarah-frank
/phd,internal:/node/1356
/phd/apply.cfm,internal:/node/1371
/phd/contact.cfm,internal:/node/1346
/phd/faq.cfm,internal:/node/1356
/phd/placement.cfm,internal:/node/1356
/phd/programs.cfm,internal:/node/1356
/pmba,internal:/node/461
/privacy,https://uiowa.edu/privacy
/professional-accounting-council,internal:/node/2181
/professionalmba,internal:/node/461
/programs,internal:/node/1721
/prospective,<front>
/research-technology/reservation.cfm,https://students.tippie.uiowa.edu/tippie-resources/facilities/reserve-room-pbb
/room,https://students.tippie.uiowa.edu/tippie-resources/facilities/reserve-room-pbb
/rooms,https://students.tippie.uiowa.edu/tippie-resources/facilities/reserve-room-pbb
/salesforce-login-timeout,internal:/node/1891
/stsg/about.cfm,https://students.tippie.uiowa.edu/tippie-resources/technology
/stsg/contact.cfm,https://students.tippie.uiowa.edu/tippie-resources/technology
/stsg/facilities/index.cfm,https://students.tippie.uiowa.edu/tippie-resources/facilities
/stsg/facilities/itc/index.cfm,https://students.tippie.uiowa.edu/tippie-resources/facilities/pappajohn-itc
/stsg/facilities/itc/policies.cfm,https://students.tippie.uiowa.edu/tippie-resources/facilities/pappajohn-itc
/stsg/facilities/itc/restricted_access.cfm,https://students.tippie.uiowa.edu/tippie-resources/facilities/pappajohn-itc
/stsg/facilities/pcclasrooms.cfm,https://students.tippie.uiowa.edu/tippie-resources/facilities
/stsg/facilities/touchpanel.cfm,https://students.tippie.uiowa.edu/tippie-resources/facilities
/stsg/projects/index.cfm,https://students.tippie.uiowa.edu/tippie-resources/technology
/stsg/security/index.cfm,https://students.tippie.uiowa.edu/tippie-resources/technology
/stsg/software,https://students.tippie.uiowa.edu/tippie-resources/technology/current-software-tippie
/stsg/stead.cfm,https://students.tippie.uiowa.edu/tippie-resources/technology
/student-organizations,https://students.tippie.uiowa.edu/undergraduates/get-involved/student-organizations
/students,https://students.tippie.uiowa.edu/
/students/organizations.cfm,https://students.tippie.uiowa.edu/undergraduates/get-involved/student-organizations
/sustainability,internal:/node/2376
/sustainability/impact-competition.cfm,internal:/node/2391
/textbooks,https://students.tippie.uiowa.edu/masters-students/part-time-business-analytics-masters-certificate/textbooks
/tippie-women-summit,internal:/node/2281
/tippie-women-summit-webinar-series-0,internal:/node/2281
/tippie-women-summit/registration,internal:/node/2281
/tippierise,https://students.tippie.uiowa.edu/undergraduates/academics/tippie-rise
/TLC,internal:/node/1811
/undergraduate,internal:/node/496
/undergraduate-research,https://students.tippie.uiowa.edu/undergraduates/academics/tippie-rise/undergraduate-mentored-research
/undergraduate/admissions,internal:/node/1961
/undergraduate/admissions/scholarships-aid.cfm,internal:/node/2036
/undergraduate/admissions/scholarships-list.cfm,internal:/node/2036
/undergraduate/admissions/standard.cfm,internal:/node/1991
/undergraduate/admissions/transfer.cfm,internal:/node/1996
/undergraduate/admissions/transferguide.cfm,internal:/node/1996
/undergraduate/advising,https://students.tippie.uiowa.edu/undergraduates/academics/undergraduate-advising
/undergraduate/advising/general-ed-requirements.cfm,internal:/node/1841
/undergraduate/advising/gpa.cfm,https://students.tippie.uiowa.edu/undergraduates/academics/undergraduate-advising
/undergraduate/advising/policies.cfm,https://students.tippie.uiowa.edu/undergraduates/academics/advising/resources-policies-and-forms
/undergraduate/advising/prerequisites.cfm,https://students.tippie.uiowa.edu/undergraduates/academics/advising/prerequisites
/undergraduate/commencement,https://students.tippie.uiowa.edu/undergraduates/graduation
/undergraduate/commencement/index.cfm,https://students.tippie.uiowa.edu/undergraduates/graduation
/undergraduate/commencement/studentinfo.cfm,https://students.tippie.uiowa.edu/undergraduates/graduation
/undergraduate/contact.cfm,https://students.tippie.uiowa.edu/contact-us
/undergraduate/documents/businessminor.pdf,https://students.tippie.uiowa.edu/undergraduates/academics/majors-minors/minor-business-administration
/undergraduate/honorcode,https://students.tippie.uiowa.edu/undergraduates/academics/honor-code-judicial-board
/undergraduate/programs,internal:/node/496
/undergraduate/programs/honors.cfm,https://students.tippie.uiowa.edu/undergraduates/academics/honors-distinctions
/undergraduate/programs/ibc.cfm,https://students.tippie.uiowa.edu/undergraduates/academics/certificates/international-business-certificate
/undergraduate/programs/index.cfm,internal:/node/496
/undergraduate/studentlife/organizations,https://students.tippie.uiowa.edu/undergraduates/get-involved/student-organizations
/undergraduate/tippie-rise,https://students.tippie.uiowa.edu/undergraduates/academics/tippie-rise
/vaughan,internal:/node/2066
/vaughan-golf,internal:/node/2296
/vaughan-institute/checklist.pdf,internal:/node/2066
/vaughan/about.cfm,internal:/node/2066
/vaughan/board.cfm,internal:/node/2081
/vaughan/certificate.cfm,internal:/node/2071
/vaughan/index.cfm,internal:/node/2066
/vaughan/internships.cfm,internal:/node/2076
/vaughan/mentors.cfm,internal:/node/2076
/walc,internal:/node/2291
/womensummit,internal:/node/2281
/about-tippie/alumni/updates,internal:/node/2321/
/175,internal:/node/2201/
/about-tippie,internal:/node/2136/
/about-tippie,internal:/node/2136/
/about-tippie/academic-departments/accounting/professional-accounting-council,internal:/node/2181/
/about-tippie/academic-departments/business-analytics/business-analytics-case-competition,internal:/node/1056/
/about-tippie/academic-departments/business-analytics/business-analytics-case-competition/rules-information,internal:/node/1061/
/about-tippie/academic-departments/business-analytics/business-analytics-case-competition/sponsors,internal:/node/1066/
/about-tippie/academic-departments/business-analytics/business-analytics-futurebaprof,internal:/node/2301/
/about-tippie/academic-departments/business-analytics/data-mining-iowa-group-dmig,internal:/node/1441/
/about-tippie/academic-departments/business-analytics/guest-lecturer-seminar-series,internal:/node/1796/
/about-tippie/academic-departments/business-analytics/journal-list,internal:/node/1501/
/about-tippie/academic-departments/business-analytics/women-analytics-and-leadership-conference,internal:/node/2291/
/about-tippie/academic-departments/economics/seminars-and-conferences/davies-deboer-seminar-health-economics,internal:/node/1881/
/about-tippie/academic-departments/finance/advisory-council,internal:/node/2186/
/about-tippie/academic-departments/finance/tow-seminar-series-finance,internal:/node/1691/
/about-tippie/academic-departments/management-and-entrepreneurship/advisory-council,internal:/node/2191/
/about-tippie/academic-departments/management-and-entrepreneurship/phd-job-market-candidates,internal:/node/1421/
/about-tippie/alumni,internal:/node/2146/
/about-tippie/alumni/alum-year-awards,internal:/node/2341/
/about-tippie/alumni/exchange,internal:/node/2366/
/about-tippie/alumni/iowa-ledger,internal:/node/2371/
/about-tippie/alumni/news,internal:/node/2346/
/about-tippie/alumni/promotions,internal:/node/2351/
/about-tippie/alumni/tippie-magazine,internal:/node/2361/
/about-tippie/alumni/young-alumni-board,internal:/node/2196/
/about-tippie/alumni/young-alumni-board/application,internal:/node/2336/
/about-tippie/alumni/young-alumni-board/young-alumni-mentor-programs,internal:/node/2331/
/about-tippie/alumni/zoom-backgrounds,internal:/node/2326/
/about-tippie/centers-and-institutes,internal:/node/2256/
/about-tippie/centers-and-institutes/tippie-analytics-cooperative/contact-us,internal:/node/1806/
/about-tippie/centers-and-institutes/tippie-analytics-cooperative/submit-a-project,internal:/node/1801/
/about-tippie/centers-and-institutes/vaughan-institute/yab-application,internal:/node/2086/
/about-tippie/centers-institutes/hawkinson-institute,internal:/node/2056/
/about-tippie/centers-institutes/marketing-institute,internal:/node/2056/
/about-tippie/centers-institutes/marketing-institute#advisory_board,internal:/node/2061/
/about-tippie/centers-institutes/research-centers-institutes/experimental-economics,internal:/node/1666/
/about-tippie/centers-institutes/research-centers-institutes/experimental-economics/subject-pool-involvement,internal:/node/1671/
/about-tippie/centers-institutes/tippie-analytics-cooperative,internal:/node/1746/
/about-tippie/centers-institutes/tippie-analytics-cooperative/advisory-council,internal:/node/1776/
/about-tippie/centers-institutes/tippie-analytics-cooperative/project-portfolio,internal:/node/1751/
/about-tippie/centers-institutes/tippie-analytics-cooperative/project-portfolio/bmo-harris,internal:/node/1761/
/about-tippie/centers-institutes/tippie-analytics-cooperative/project-portfolio/college-raptor,internal:/node/1766/
/about-tippie/centers-institutes/tippie-analytics-cooperative/project-portfolio/kum-go,internal:/node/1756/
/about-tippie/centers-institutes/tippie-analytics-cooperative/project-portfolio/paperless-transactions,internal:/node/1771/
/about-tippie/centers-institutes/tippie-leadership-collaborative,internal:/node/1811/
/about-tippie/centers-institutes/vaughan-institute,internal:/node/2066/
/about-tippie/centers-institutes/vaughan-institute/contacts,internal:/node/2081/
/about-tippie/centers-institutes/vaughan-institute/opportunities,internal:/node/2076/
/about-tippie/centers-institutes/vaughan-institute/risk-management-insurance-certificate,internal:/node/2071/
/about-tippie/companies-and-recruiters,internal:/node/506/
/about-tippie/companies-recruiters/recruit-business-students,internal:/node/1631/
/about-tippie/companies-recruiters/recruit-tippie-students/hire-international-graduate-students,internal:/node/1661/
/about-tippie/companies-recruiters/student-projects-and-consulting,internal:/node/1726/
/about-tippie/diversity-equity-and-inclusion,internal:/node/2091/
/about-tippie/diversity-equity-and-inclusion,internal:/node/2091/
/about-tippie/diversity-equity-and-inclusion/dei-action-plan,internal:/node/2211/
/about-tippie/diversity-equity-and-inclusion/dei-ambassadors,internal:/node/2221/
/about-tippie/diversity-equity-and-inclusion/dei-committee,internal:/node/2216/
/about-tippie/overview/academic-departments/accounting/rsm-institute,internal:/node/1536/
/about-tippie/overview/advisory-boards,internal:/node/2176/
/about-tippie/overview/community-involvement,internal:/node/2206/
/about-tippie/overview/sustainability,internal:/node/2376/
/about-tippie/overview/sustainability-tippie/frontier-co-op-case-competition,internal:/node/2391/
/about-tippie/overview/sustainability-tippie/sustainability-certificate,internal:/node/2386/
/about-tippie#leadership,internal:/node/2171/
/accounting,internal:/node/2226/
/business-analytics,internal:/node/2236/
/confirm-applicant,internal:/node/1901/
/contact-us,internal:/node/2381/
/content/tippie-leadership-collaborative-contact-us-form,internal:/node/1826/
/cookies,internal:/node/1781/
/current-students/mba-students/executive-mba/billing-and-tuition-responsibility-schedule,N/A
/current-students/undergraduates/advising/late-admission-request-application,internal:/node/2021/
/economics,internal:/node/2231/
/faculty-research,internal:/node/501/
/faculty-research/expertise-interests,internal:/node/1466/
/faculty-research/partner-with-us,internal:/node/1621/
/faculty-research/publications,internal:/node/1496/
/faculty-research/research-expertise-interests/awards,internal:/node/1516/
/faculty-research/research-expertise-interests/social-impact-community,internal:/node/1676/
/faculty-research/research-expertise-interests/social-impact-community/mailing-list,internal:/node/1681/
/faculty-research/thought-leaders,internal:/node/1571/
/faculty-research/thought-leaders/business-analytics,internal:/node/1906/
/faculty-research/thought-leaders/interpersonal-dynamics,internal:/node/1976/
/faculty-research/thought-leaders/marketing,internal:/node/1986/
/faculty-staff-resources,internal:/node/1731/
/finance,internal:/node/2241/
/future-graduate-students/booking-result,internal:/node/1911/
/future-graduate-students/masters-programs/accounting-mac,internal:/node/846/
/future-graduate-students/masters-programs/accounting-mac/admissions/application-process,internal:/node/921/
/future-graduate-students/masters-programs/accounting-mac/admissions/tuition-financial-aid,internal:/node/906/
/future-graduate-students/masters-programs/accounting-mac/careers,internal:/node/916/
/future-graduate-students/masters-programs/accounting-mac/contact-us,internal:/node/911/
/future-graduate-students/masters-programs/accounting-mac/curriculum,internal:/node/891/
/future-graduate-students/masters-programs/accounting-mac/request-info,internal:/node/896/
/future-graduate-students/masters-programs/accounting-mac/request-info-result,internal:/node/926/
/future-graduate-students/masters-programs/business-analytics/business-analytics-certificate,internal:/node/1286/
/future-graduate-students/masters-programs/business-analytics/full-time-msba,internal:/node/911/
/future-graduate-students/masters-programs/business-analytics/full-time-msba/admissions,internal:/node/991/
/future-graduate-students/masters-programs/business-analytics/full-time-msba/admissions/admissions-events,internal:/node/931/
/future-graduate-students/masters-programs/business-analytics/full-time-msba/admissions/application-process,internal:/node/1016/
/future-graduate-students/masters-programs/business-analytics/full-time-msba/admissions/webinar,internal:/node/1341/
/future-graduate-students/masters-programs/business-analytics/full-time-msba/contact-us,internal:/node/1051/
/future-graduate-students/masters-programs/business-analytics/full-time-msba/curriculum,internal:/node/986/
/future-graduate-students/masters-programs/business-analytics/full-time-msba/request-info,internal:/node/941/
/future-graduate-students/masters-programs/business-analytics/full-time-msba/request-info-result,internal:/node/1046/
/future-graduate-students/masters-programs/business-analytics/full-time-msba/tuition-and-fees,internal:/node/996/
/future-graduate-students/masters-programs/business-analytics/full-time-msba/video-register,internal:/node/1336/
/future-graduate-students/masters-programs/business-analytics/part-time-msba,internal:/node/1086/
/future-graduate-students/masters-programs/business-analytics/part-time-msba/admission/webinar,internal:/node/1416/
/future-graduate-students/masters-programs/business-analytics/part-time-msba/class-profile,internal:/node/1151/
/future-graduate-students/masters-programs/business-analytics/part-time-msba/contact-us,internal:/node/1146/
/future-graduate-students/masters-programs/business-analytics/part-time-msba/mba-ms-business-analytics-joint-degree,internal:/node/1141/
/future-graduate-students/masters-programs/business-analytics/part-time-msba/request-info,internal:/node/741/
/future-graduate-students/masters-programs/business-analytics/part-time-msba/request-info-result,internal:/node/746/
/future-graduate-students/masters-programs/business-analytics/part-time-msba/video-register,internal:/node/1426/
/future-graduate-students/masters-programs/finance,internal:/node/1181/
/future-graduate-students/masters-programs/finance/admissions,internal:/node/1191/
/future-graduate-students/masters-programs/finance/admissions/admissions-events,internal:/node/1166/
/future-graduate-students/masters-programs/finance/admissions/application-process,internal:/node/1276/
/future-graduate-students/masters-programs/finance/admissions/webinar,internal:/node/1406/
/future-graduate-students/masters-programs/finance/careers,internal:/node/1271/
/future-graduate-students/masters-programs/finance/contact-us,internal:/node/1176/
/future-graduate-students/masters-programs/finance/curriculum/course-descriptions,internal:/node/1186/
/future-graduate-students/masters-programs/finance/curriculum/finance-consulting,internal:/node/1266/
/future-graduate-students/masters-programs/finance/curriculum/hart-fund,internal:/node/1261/
/future-graduate-students/masters-programs/finance/curriculum/henry-fund,internal:/node/1256/
/future-graduate-students/masters-programs/finance/curriculum/plan-study,internal:/node/1251/
/future-graduate-students/masters-programs/finance/master-finance-and-business-analytics-joint-degree,internal:/node/1006/
/future-graduate-students/masters-programs/finance/request-info,internal:/node/1171/
/future-graduate-students/masters-programs/finance/request-info-result,internal:/node/1281/
/future-graduate-students/masters-programs/finance/tuition-and-fees,internal:/node/1196/
/future-graduate-students/masters-programs/finance/undergraduate-graduate,internal:/node/1201/
/future-graduate-students/masters-programs/finance/video-register,internal:/node/1401/
/future-graduate-students/masters-programs/full-time-ms-business-analytics/careers,internal:/node/1011/
/future-graduate-students/masters-programs/full-time-ms-business-analytics/undergraduate-graduate,internal:/node/1001/
/future-graduate-students/masters-programs/part-time-ms-business-analytics/admissions/events,internal:/node/1096/
/future-graduate-students/masters-programs/student-ambassadors,internal:/node/1031/
/future-graduate-students/mba-programs/executive-mba,internal:/node/716/
/future-graduate-students/mba-programs/executive-mba/admissions,internal:/node/736/
/future-graduate-students/mba-programs/executive-mba/admissions/application-process,internal:/node/821/
/future-graduate-students/mba-programs/executive-mba/admissions/employer-support,internal:/node/836/
/future-graduate-students/mba-programs/executive-mba/admissions/events,internal:/node/721/
/future-graduate-students/mba-programs/executive-mba/admissions/nonprofit-scholarship,internal:/node/831/
/future-graduate-students/mba-programs/executive-mba/admissions/tuition-financing,internal:/node/751/
/future-graduate-students/mba-programs/executive-mba/class-profile,internal:/node/786/
/future-graduate-students/mba-programs/executive-mba/class-profile/employers-represented,internal:/node/806/
"/future-graduate-students/mba-programs/executive-mba/curriculum, /future-graduate-students/mba-programs/executive-mba/program-schedule",internal:/node/731/
/future-graduate-students/mba-programs/executive-mba/curriculum/international-seminar,internal:/node/816/
/future-graduate-students/mba-programs/executive-mba/curriculum/residency-week,internal:/node/811/
/future-graduate-students/mba-programs/executive-mba/request-info,internal:/node/726/
/future-graduate-students/mba-programs/executive-mba/request-info-result,internal:/node/1081/
/future-graduate-students/mba-programs/iowa-mba,internal:/node/461/
/future-graduate-students/mba-programs/iowa-mba/admissions,internal:/node/296/
/future-graduate-students/mba-programs/iowa-mba/admissions/application-process,internal:/node/341/
/future-graduate-students/mba-programs/iowa-mba/admissions/events,internal:/node/366/
/future-graduate-students/mba-programs/iowa-mba/admissions/gmat-gre-information/gmat-gre-test-prep-resources,internal:/node/461/
/future-graduate-students/mba-programs/iowa-mba/admissions/gmat-waiver,internal:/node/461/
/future-graduate-students/mba-programs/iowa-mba/admissions/international-student-admissions,internal:/node/356/
/future-graduate-students/mba-programs/iowa-mba/admissions/transfer-credits-waivers,internal:/node/346/
/future-graduate-students/mba-programs/iowa-mba/career-services,internal:/node/306/
/future-graduate-students/mba-programs/iowa-mba/contact-us,internal:/node/371/
/future-graduate-students/mba-programs/iowa-mba/contact-us,internal:/node/781/
/future-graduate-students/mba-programs/iowa-mba/curriculum,internal:/node/286/
/future-graduate-students/mba-programs/iowa-mba/curriculum/certificates-joint-degrees,internal:/node/1141/
/future-graduate-students/mba-programs/iowa-mba/curriculum/certificates-joint-degrees/healthcare-management-certificate,internal:/node/886/
/future-graduate-students/mba-programs/iowa-mba/curriculum/certificates-joint-degrees/mba-md-joint-degree,internal:/node/386/
/future-graduate-students/mba-programs/iowa-mba/curriculum/certificates-joint-degrees/mba-md-joint-degreee,internal:/node/391/
/future-graduate-students/mba-programs/iowa-mba/curriculum/global-learning-opportunities,internal:/node/331/
/future-graduate-students/mba-programs/iowa-mba/curriculum/plan-study,internal:/node/316/
/future-graduate-students/mba-programs/iowa-mba/request-info,internal:/node/451/
/future-graduate-students/mba-programs/iowa-mba/request-info-result,internal:/node/641/
/future-graduate-students/mba-programs/iowa-mba/scholarships,internal:/node/301/
"/future-graduate-students/mba-programs/iowa-mba/tuition-financing, /future-graduate-students/mba-programs/iowa-mba/scholarships",internal:/node/291/
/future-graduate-students/phd-programs,internal:/node/1356/
/future-graduate-students/phd-programs/admissions-requirements,internal:/node/1371/
/future-graduate-students/phd-programs/contact-us,internal:/node/1346/
/future-graduate-students/phd-programs/funding-financial-aid,internal:/node/1376/
/future-graduate-students/phd-programs/phd-accounting,internal:/node/1366/
/future-graduate-students/phd-programs/phd-business-analytics,internal:/node/1381/
/future-graduate-students/phd-programs/phd-finance,internal:/node/1391/
/future-graduate-students/phd-programs/phd-management,internal:/node/1396/
/future-graduate-students/phd-programs/phd-marketing,internal:/node/1411/
/future-graduate-students/phd-programs/request-info-result,internal:/node/1461/
/future-graduate-students/phd-programs/request-information,internal:/node/1351/
/future-graduate-students/professional-and-executive-education/request-info,internal:/node/876/
/future-graduate-students/professional-and-executive-education/request-info-result,internal:/node/1076/
/future-graduate-students/professional-executive-education/certificates,internal:/node/1286/
/future-graduate-students/professional-executive-education/certificates/admissions,internal:/node/1311/
/future-graduate-students/professional-executive-education/certificates/business-fundamentals-certificate,internal:/node/1301/
/future-graduate-students/professional-executive-education/certificates/finance-certificate,internal:/node/1306/
/future-graduate-students/professional-executive-education/certificates/leadership-certificate,internal:/node/1316/
/future-graduate-students/professional-executive-education/certificates/marketing-certificate,internal:/node/1321/
/future-graduate-students/professional-executive-education/certificates/schedule-appointment,internal:/node/1291/
/future-graduate-students/professional-executive-education/custom-corporate-education,internal:/node/1706/
/future-graduate-students/professional-executive-education/custom-corporate-education/meet-our-faculty,internal:/node/1716/
/future-graduate-students/professional-executive-education/custom-corporate-education/program-development-process,internal:/node/1711/
/future-graduate-students/transcripts,internal:/node/1791/
/future-undergraduates,internal:/node/496/
/future-undergraduates/admissions,internal:/node/1961/
/future-undergraduates/admissions/contact-us,internal:/node/2111/
/future-undergraduates/admissions/contact-us/business-student-ambassadors,internal:/node/2126/
/future-undergraduates/admissions/current-university-iowa-students,internal:/node/1991/
/future-undergraduates/admissions/current-university-iowa-students/appeal-standard-admission,internal:/node/2026/
/future-undergraduates/admissions/high-school-students,internal:/node/1966/
/future-undergraduates/admissions/high-school-students/direct-admission-petition,internal:/node/2011/
/future-undergraduates/admissions/high-school-students/direct-admit-seminar,internal:/node/1971/
/future-undergraduates/admissions/high-school-students/tippie-gateway-program,internal:/node/1981/
/future-undergraduates/admissions/international-students,internal:/node/2001/
/future-undergraduates/admissions/returning-nondegree-students,internal:/node/2006/
/future-undergraduates/admissions/transfer-students,internal:/node/1996/
/future-undergraduates/admissions/transfer-students/request-transfer-course-evaluation,internal:/node/2031/
/future-undergraduates/admissions/tuition-scholarships,internal:/node/2036/
/future-undergraduates/beyond-classroom,internal:/node/2041/
/future-undergraduates/beyond-classroom/bizedge,internal:/node/2096/
/future-undergraduates/beyond-classroom/bizedge-mentorship-program,internal:/node/2101/
/future-undergraduates/beyond-classroom/black-business,internal:/node/2106/
/future-undergraduates/curriculum,internal:/node/1841/
/future-undergraduates/employment-stats,internal:/node/1851/
/future-undergraduates/employment-stats/hiring-companies,internal:/node/1856/
/future-undergraduates/majors,internal:/node/1861/
/future-undergraduates/majors/accounting-major,internal:/node/1866/
/future-undergraduates/majors/accounting-major/petition-for-course-access,internal:/node/2016/
/future-undergraduates/majors/accounting-major/petition-for-course-access,internal:/node/2016/
/future-undergraduates/majors/accounting/accounting-careers,internal:/node/1886/
/future-undergraduates/majors/business-analytics-information-systems-major,internal:/node/1896/
/future-undergraduates/majors/business-analytics-information-systems/business-analytics-information,internal:/node/1921/
/future-undergraduates/majors/economics-major,internal:/node/2116/
/future-undergraduates/majors/economics/economics-careers,internal:/node/2121/
/future-undergraduates/majors/finance-major,internal:/node/1926/
/future-undergraduates/majors/finance/finance-careers,internal:/node/1931/
/future-undergraduates/majors/management-major,internal:/node/1936/
/future-undergraduates/majors/management/management-careers,internal:/node/1941/
/future-undergraduates/majors/marketing-major,internal:/node/1946/
/future-undergraduates/majors/marketing/marketing-careers,internal:/node/1951/
/futurebaprof/application,internal:/node/2306/
/jobs,internal:/node/1916/
/management-and-entrepreneurship,internal:/node/2246/
/marketing,internal:/node/2251/
/news/henry-b-tippies-laws,internal:/node/1871/
/news/how-henry-and-patricia-tippie-met,internal:/node/1876/
/program-finder?location=All&degree=All&topic=All,internal:/node/2016/
/salesforce-logout,internal:/node/1891/
/stories*,internal:/node/556/
/tippie-career-webinar-series,internal:/node/2161/
/tippie-tribute,internal:/node/1846/
/tippie-women-summit-2022,internal:/node/2281/
/vaughangolf,internal:/node/2296/
https://www.iowajpec.org/community/international-business,internal:/node/2311/
/about-tippie/academic-departments/accounting/writing-program,https://students.tippie.uiowa.edu/node/1041/
/about-tippie/academic-departments/finance/philip-hadley-finance-lab,https://students.tippie.uiowa.edu/node/1161/
/about-tippie/centers-institutes/frank-business-communication-center,https://students.tippie.uiowa.edu/node/991/
/about-tippie/centers-institutes/frank-business-communication-center/business-communication-and-protocol,https://students.tippie.uiowa.edu/node/1001/
/about-tippie/centers-institutes/frank-business-communication-center/contact-us,https://students.tippie.uiowa.edu/node/1011/
/about-tippie/centers-institutes/frank-business-communication-center/contact-us,https://students.tippie.uiowa.edu/node/1216/
/about-tippie/centers-institutes/frank-business-communication-center/one-button-studio,https://students.tippie.uiowa.edu/node/1096/
/about-tippie/centers-institutes/frank-business-communication-center/perfecting-your-presentation,https://students.tippie.uiowa.edu/node/1051/
/about-tippie/centers-institutes/frank-business-communication-center/phd-writing-support,https://students.tippie.uiowa.edu/node/1086/
/about-tippie/centers-institutes/frank-business-communication-center/tips-and-resources,https://students.tippie.uiowa.edu/node/1221/
/about-tippie/centers-institutes/vaughan-institute/risk-management-insurance-certificate,https://students.tippie.uiowa.edu/node/646/
/about-tippie/overview/facilities,https://students.tippie.uiowa.edu/node/1171/
/about-tippie/overview/facilities/pappajohn-building-hours,https://students.tippie.uiowa.edu/node/1176/
/about-tippie/overview/facilities/pappajohn-itc,https://students.tippie.uiowa.edu/node/1186/
/about-tippie/overview/facilities/reserve-room-pappajohn-business-building,https://students.tippie.uiowa.edu/node/1181/
/about-tippie/overview/technology,https://students.tippie.uiowa.edu/node/1106/
/about-tippie/overview/technology/software,https://students.tippie.uiowa.edu/node/1121/
/about-tippie/overview/technology/stead-tech,https://students.tippie.uiowa.edu/node/1111/
/about-tippie/overview/technology/stsg/our-mission,https://students.tippie.uiowa.edu/node/1131/
/about-tippie/overview/technology/stsg/steads,https://students.tippie.uiowa.edu/node/1136/
/about-tippie/overview/technology/student-technology-resources,https://students.tippie.uiowa.edu/node/1116/
/about-tippie/overview/technology/student-technology-resources/computer-recommendation,https://students.tippie.uiowa.edu/node/1141/
/about-tippie/overview/technology/student-technology-resources/sas-jmp-installation-instructions,https://students.tippie.uiowa.edu/node/1146/
/current-students,https://students.tippie.uiowa.edu/node/1/
/current-students/masters-students,https://students.tippie.uiowa.edu/node/301/
"/current-students/masters-students/business-analytics-masters-certificate	",https://students.tippie.uiowa.edu/node/861/
/current-students/masters-students/business-analytics-masters-certificate/academic-advising,https://students.tippie.uiowa.edu/node/866/
/current-students/masters-students/business-analytics-masters-certificate/newly-admitted-students,https://students.tippie.uiowa.edu/node/896/
/current-students/masters-students/full-time-business-analytics-masters,https://students.tippie.uiowa.edu/node/666/
/current-students/masters-students/full-time-business-analytics-ms/newly-admitted-students,https://students.tippie.uiowa.edu/node/671/
/current-students/masters-students/full-time-business-analytics-ms/transfer-credits-policies,https://students.tippie.uiowa.edu/node/681/
/current-students/masters-students/master-accountancy-mac,https://students.tippie.uiowa.edu/node/901/
/current-students/masters-students/master-accountancy-mac/curriculum,https://students.tippie.uiowa.edu/node/906/
/current-students/masters-students/master-accountancy-mac/mac-scholarship-application,https://students.tippie.uiowa.edu/node/911/
/current-students/masters-students/master-finance,https://students.tippie.uiowa.edu/node/921/
/current-students/masters-students/master-finance/newly-admitted-students,https://students.tippie.uiowa.edu/node/921/
/current-students/masters-students/part-time-business-analytics-ms-certificate/course-schedule,https://students.tippie.uiowa.edu/node/881/
/current-students/masters-students/part-time-business-analytics-ms-certificate/course-schedule/fall-2022,https://students.tippie.uiowa.edu/node/1191/
/current-students/masters-students/part-time-business-analytics-ms-certificate/course-schedule/summer-2022,https://students.tippie.uiowa.edu/node/886/
/current-students/masters-students/part-time-business-analytics-ms-certificate/registering-classes,https://students.tippie.uiowa.edu/node/891/
/current-students/masters-students/part-time-business-analytics-ms-certificate/textbooks,https://students.tippie.uiowa.edu/node/876/
/current-students/masters-students/part-time-business-analytics-ms-certificate/tuition-fees-billing,https://students.tippie.uiowa.edu/node/871/
/current-students/masters-students/student-ambassadors,https://students.tippie.uiowa.edu/node/936/
/current-students/mba-masters-honor-code-and-policies,https://students.tippie.uiowa.edu/node/841/
/current-students/mba-masters-honor-code-and-policies,https://students.tippie.uiowa.edu/node/841/
/current-students/mba-masters-honor-code-and-policies,https://students.tippie.uiowa.edu/node/841/
/current-students/mba-students,https://students.tippie.uiowa.edu/node/296/
/current-students/mba-students/community-events,https://students.tippie.uiowa.edu/node/1196/
/current-students/mba-students/community-events,https://students.tippie.uiowa.edu/node/1196/
/current-students/mba-students/executive-mba,https://students.tippie.uiowa.edu/node/606/
/current-students/mba-students/executive-mba/billing-and-tuition-responsibility-schedule,https://students.tippie.uiowa.edu/node/611/
/current-students/mba-students/executive-mba/planning-international-seminar,https://students.tippie.uiowa.edu/node/616/
/current-students/mba-students/global-learning-opportunities,https://students.tippie.uiowa.edu/node/836/
/current-students/mba-students/iowa-mba,https://students.tippie.uiowa.edu/node/461/
/current-students/mba-students/iowa-mba-students/events-calendar,https://students.tippie.uiowa.edu/node/811/
/current-students/mba-students/iowa-mba-students/events-calendar,https://students.tippie.uiowa.edu/node/811/
/current-students/mba-students/iowa-mba/career-services,https://students.tippie.uiowa.edu/node/801/
/current-students/mba-students/iowa-mba/career-services,https://students.tippie.uiowa.edu/node/801/
/current-students/mba-students/iowa-mba/career-services,https://students.tippie.uiowa.edu/node/801/
/current-students/mba-students/iowa-mba/contact-us,https://students.tippie.uiowa.edu/node/826/
/current-students/mba-students/iowa-mba/course-planning,https://students.tippie.uiowa.edu/node/471/
/current-students/mba-students/iowa-mba/course-planning/academic-advising,https://students.tippie.uiowa.edu/node/476/
/current-students/mba-students/iowa-mba/course-planning/courses,https://students.tippie.uiowa.edu/node/626/
/current-students/mba-students/iowa-mba/course-planning/plan-study,https://students.tippie.uiowa.edu/node/631/
/current-students/mba-students/iowa-mba/course-planning/registering-classes,https://students.tippie.uiowa.edu/node/636/
/current-students/mba-students/iowa-mba/course-planning/textbooks,https://students.tippie.uiowa.edu/node/651/
/current-students/mba-students/iowa-mba/course-schedule,https://students.tippie.uiowa.edu/node/791/
/current-students/mba-students/iowa-mba/course-schedule/fall-2022,https://students.tippie.uiowa.edu/node/586/
/current-students/mba-students/iowa-mba/professional-certificates-joint-degrees,https://students.tippie.uiowa.edu/node/656/
/current-students/mba-students/iowa-mba/tuition-financial-assistance,https://students.tippie.uiowa.edu/node/661/
/current-students/mba-students/mba-graduation-spring,https://students.tippie.uiowa.edu/node/831/
/current-students/mba-students/professional-mba/career-management/career-advising,https://students.tippie.uiowa.edu/node/806/
/current-students/mba-students/professional-mba/career-management/career-advising,https://students.tippie.uiowa.edu/node/806/
/current-students/mba-students/professional-mba/newly-admitted-students,https://students.tippie.uiowa.edu/node/816/
/current-students/mba-students/technology-online-courses,https://students.tippie.uiowa.edu/node/641/
/current-students/mba-students/technology-requirements-and-considerations-online-courses,https://students.tippie.uiowa.edu/node/641/
/current-students/undergraduates,https://students.tippie.uiowa.edu/node/136/
/current-students/undergraduates/academics,https://students.tippie.uiowa.edu/node/156/
/current-students/undergraduates/academics/advising,https://students.tippie.uiowa.edu/node/161/
/current-students/undergraduates/academics/advising/academic-support-and-tutoring,https://students.tippie.uiowa.edu/node/166/
/current-students/undergraduates/academics/advising/administrative-drop-policy,https://students.tippie.uiowa.edu/node/491/
/current-students/undergraduates/academics/advising/attendance-policy-excused-absences,https://students.tippie.uiowa.edu/node/486/
/current-students/undergraduates/academics/advising/curriculum-changes,https://students.tippie.uiowa.edu/node/171/
/current-students/undergraduates/academics/advising/double-majors-joint-degree-policies,https://students.tippie.uiowa.edu/node/211/
/current-students/undergraduates/academics/advising/grading-adddrop/request-second-grade-only-option,https://students.tippie.uiowa.edu/node/951/
/current-students/undergraduates/academics/advising/grading-adddrops,https://students.tippie.uiowa.edu/node/496/
/current-students/undergraduates/academics/advising/graduate-3-years,https://students.tippie.uiowa.edu/node/216/
/current-students/undergraduates/academics/advising/honors-programs/registration,https://students.tippie.uiowa.edu/node/276/
/current-students/undergraduates/academics/advising/non-tippie-students,https://students.tippie.uiowa.edu/node/481/
/current-students/undergraduates/academics/advising/non-tippie-students/enrollment-request,https://students.tippie.uiowa.edu/node/601/
/current-students/undergraduates/academics/advising/prerequisites,https://students.tippie.uiowa.edu/node/206/
/current-students/undergraduates/academics/advising/probation-and-dismissal,https://students.tippie.uiowa.edu/node/501/
/current-students/undergraduates/academics/advising/tippie-honors,https://students.tippie.uiowa.edu/node/256/
/current-students/undergraduates/academics/certificates,https://students.tippie.uiowa.edu/node/236/
/current-students/undergraduates/academics/certificates/entrepreneurial-management-certificate,https://students.tippie.uiowa.edu/node/241/
/current-students/undergraduates/academics/certificates/international-business-certificate,https://students.tippie.uiowa.edu/node/246/
/current-students/undergraduates/academics/honor-code-judicial-board,https://students.tippie.uiowa.edu/node/281/
/current-students/undergraduates/academics/honor-code-judicial-board/appeal-honor-code-violation,https://students.tippie.uiowa.edu/node/956/
/current-students/undergraduates/academics/honor-code-judicial-board/board-application,https://students.tippie.uiowa.edu/node/961/
/current-students/undergraduates/academics/honors-distinctions,https://students.tippie.uiowa.edu/node/251/
/current-students/undergraduates/academics/majors-and-minors,https://students.tippie.uiowa.edu/node/141/
/current-students/undergraduates/academics/majors-and-minors/accounting,https://students.tippie.uiowa.edu/node/146/
/current-students/undergraduates/academics/majors-and-minors/accounting/accounting-courses,https://students.tippie.uiowa.edu/node/286/
/current-students/undergraduates/academics/majors-and-minors/business-analytics-information-systems,https://students.tippie.uiowa.edu/node/176/
/current-students/undergraduates/academics/majors-and-minors/business-analytics-information-systems/bais-courses,https://students.tippie.uiowa.edu/node/311/
/current-students/undergraduates/academics/majors-and-minors/economics,https://students.tippie.uiowa.edu/node/181/
/current-students/undergraduates/academics/majors-and-minors/economics/economics-courses,https://students.tippie.uiowa.edu/node/316/
/current-students/undergraduates/academics/majors-and-minors/finance,https://students.tippie.uiowa.edu/node/186/
/current-students/undergraduates/academics/majors-and-minors/finance/finance-courses,https://students.tippie.uiowa.edu/node/321/
/current-students/undergraduates/academics/majors-and-minors/finance/krause-fund,https://students.tippie.uiowa.edu/node/336/
/current-students/undergraduates/academics/majors-and-minors/finance/marberry-fund,https://students.tippie.uiowa.edu/node/341/
/current-students/undergraduates/academics/majors-and-minors/management,https://students.tippie.uiowa.edu/node/191/
/current-students/undergraduates/academics/majors-and-minors/management/management-courses,https://students.tippie.uiowa.edu/node/326/
/current-students/undergraduates/academics/majors-and-minors/marketing,https://students.tippie.uiowa.edu/node/196/
/current-students/undergraduates/academics/majors-and-minors/marketing/marketing-course-descriptions,https://students.tippie.uiowa.edu/node/331/
/current-students/undergraduates/academics/majors-and-minors/minor-business-administration,https://students.tippie.uiowa.edu/node/201/
/current-students/undergraduates/academics/tippie-rise,https://students.tippie.uiowa.edu/node/221/
/current-students/undergraduates/academics/tippie-rise/remote-rise,https://students.tippie.uiowa.edu/node/226/
/current-students/undergraduates/academics/tippie-rise/research-course-options,https://students.tippie.uiowa.edu/node/596/
/current-students/undergraduates/academics/tippie-rise/research-interest,https://students.tippie.uiowa.edu/node/931/
/current-students/undergraduates/academics/tippie-rise/undergraduate-mentored-research,https://students.tippie.uiowa.edu/node/231/
/current-students/undergraduates/advising/drop-in-form,https://students.tippie.uiowa.edu/node/1101/
/current-students/undergraduates/contact-us,https://students.tippie.uiowa.edu/node/446/
/current-students/undergraduates/find-internship/about-bus3100,https://students.tippie.uiowa.edu/node/431/
/current-students/undergraduates/find-internship/internship-course-faq,https://students.tippie.uiowa.edu/node/426/
/current-students/undergraduates/find-internship/internship-guide,https://students.tippie.uiowa.edu/node/421/
/current-students/undergraduates/GESAB-application,https://students.tippie.uiowa.edu/node/966/
/current-students/undergraduates/get-involved,https://students.tippie.uiowa.edu/node/346/
/current-students/undergraduates/get-involved/international-connections,https://students.tippie.uiowa.edu/node/361/
/current-students/undergraduates/get-involved/international-connections/buddy-application,https://students.tippie.uiowa.edu/node/971/
/current-students/undergraduates/get-involved/leadership-opportunities-tippie,https://students.tippie.uiowa.edu/node/351/
/current-students/undergraduates/get-involved/leadership/eller-ethics-case-competition,https://students.tippie.uiowa.edu/node/981/
/current-students/undergraduates/get-involved/leadership/national-diversity-case-competition,https://students.tippie.uiowa.edu/node/986/
/current-students/undergraduates/get-involved/peer-mentoring,https://students.tippie.uiowa.edu/node/376/
/current-students/undergraduates/get-involved/student-organizations,https://students.tippie.uiowa.edu/node/356/
/current-students/undergraduates/get-involved/student-organizations/award-nominations,https://students.tippie.uiowa.edu/node/521/
/current-students/undergraduates/get-involved/tippie-top-21,https://students.tippie.uiowa.edu/node/366/
/current-students/undergraduates/get-involved/tippie-top-21-2022#biznek,https://students.tippie.uiowa.edu/node/1211/
/current-students/undergraduates/get-involved/tippie-top-21/past-winners,https://students.tippie.uiowa.edu/node/371/
/current-students/undergraduates/global-experiences/intern-abroad,https://students.tippie.uiowa.edu/node/391/
/current-students/undergraduates/global-experiences/locations,https://students.tippie.uiowa.edu/node/386/
/current-students/undergraduates/global-experiences/locations/business-and-culture-china,https://students.tippie.uiowa.edu/node/406/
/current-students/undergraduates/global-experiences/locations/cimba-italy,https://students.tippie.uiowa.edu/node/396/
/current-students/undergraduates/global-experiences/locations/funding-global-programs,https://students.tippie.uiowa.edu/node/581/
/current-students/undergraduates/global-experiences/locations/global-business-northern-italy,https://students.tippie.uiowa.edu/node/846/
/current-students/undergraduates/global-experiences/locations/international-business-asia-pacific,https://students.tippie.uiowa.edu/node/851/
/current-students/undergraduates/global-experiences/locations/international-business-italy,https://students.tippie.uiowa.edu/node/571/
/current-students/undergraduates/global-experiences/locations/london-winter-session,https://students.tippie.uiowa.edu/node/401/
/current-students/undergraduates/global-experiences/locations/sydney-australia,https://students.tippie.uiowa.edu/node/576/
/current-students/undergraduates/graduation,https://students.tippie.uiowa.edu/node/441/
/current-students/undergraduates/mental-health-resources,https://students.tippie.uiowa.edu/node/786/
/current-students/undergraduates/mental-health-resources/program-request,https://students.tippie.uiowa.edu/node/976/
/current-students/undergraduates/tuition-scholarships,https://students.tippie.uiowa.edu/node/436/
/how-write-bibliography,https://students.tippie.uiowa.edu/node/1061/
/student-organizations/accounting-club,https://students.tippie.uiowa.edu/node/506/
/student-organizations/alpha-kappa-psi,https://students.tippie.uiowa.edu/node/751/
/student-organizations/american-advertising-federation,https://students.tippie.uiowa.edu/node/556/
/student-organizations/american-marketing-association,https://students.tippie.uiowa.edu/node/561/
/student-organizations/beta-alpha-psi,https://students.tippie.uiowa.edu/node/511/
/student-organizations/business-student-ambassadors,https://students.tippie.uiowa.edu/node/716/
/student-organizations/consumer-experience-consulting-club,https://students.tippie.uiowa.edu/node/686/
/student-organizations/delta-sigma-pi,https://students.tippie.uiowa.edu/node/756/
/student-organizations/enactus-iowa,https://students.tippie.uiowa.edu/node/691/
/student-organizations/financial-management-association,https://students.tippie.uiowa.edu/node/516/
/student-organizations/gamma-iota-sigmaa,https://students.tippie.uiowa.edu/node/531/
/student-organizations/greater-china-business-association,https://students.tippie.uiowa.edu/node/761/
/student-organizations/hawktrade,https://students.tippie.uiowa.edu/node/536/
/student-organizations/investher,https://students.tippie.uiowa.edu/node/541/
/student-organizations/moneythink,https://students.tippie.uiowa.edu/node/721/
/student-organizations/multicultural-business-student-association,https://students.tippie.uiowa.edu/node/766/
/student-organizations/national-retail-federation,https://students.tippie.uiowa.edu/node/696/
/student-organizations/net-impact,https://students.tippie.uiowa.edu/node/731/
/student-organizations/phi-gamma-nu,https://students.tippie.uiowa.edu/node/771/
/student-organizations/pre-view,https://students.tippie.uiowa.edu/node/736/
/student-organizations/reaching-out-in-business,https://students.tippie.uiowa.edu/node/776/
/student-organizations/sales-consulting-club,https://students.tippie.uiowa.edu/node/701/
/student-organizations/sigma-nu-tau,https://students.tippie.uiowa.edu/node/706/
/student-organizations/society-human-resource-management,https://students.tippie.uiowa.edu/node/711/
/student-organizations/tippie-business-honor-society,https://students.tippie.uiowa.edu/node/261/
/student-organizations/tippie-business-honor-society/alumni,https://students.tippie.uiowa.edu/node/271/
/student-organizations/tippie-business-honor-society/honor-roll,https://students.tippie.uiowa.edu/node/266/
/student-organizations/tippie-real-estate-club,https://students.tippie.uiowa.edu/node/546/
/student-organizations/tippie-senate,https://students.tippie.uiowa.edu/node/741/
/student-organizations/tippie-students-service,https://students.tippie.uiowa.edu/node/746/
/student-organizations/tippie-technology-and-innovation-association,https://students.tippie.uiowa.edu/node/551/
/student-organizations/women-in-business,https://students.tippie.uiowa.edu/node/781/
current-students/undergraduates/find-internship/internship-course-options,https://students.tippie.uiowa.edu/node/416/
current-students/undergraduates/global-experiences,https://students.tippie.uiowa.edu/node/381/
/people/adrienne-l-maxwell,/people/adrienne-maxwell
/people/alex-taylor,/people/alexander-taylor-1
/people/alice-wang,/people/jing-wang
/people/allison-r-hershberger,/people/allison-yoder
/people/amanda-l-may,/people/amanda-may-1
/people/amy-e-colbert,/people/amy-colbert
/people/amy-l-kristof-brown,/people/amy-kristof-brown
/people/amy-mcdonald,/people/amy-l-mcdonald
/people/anand-m-vijh,/people/anand-vijh
/people/andrea-w-luangrath,/people/andrea-luangrath
/people/andy-j-hosmanek,/people/andrew-hosmanek
/people/angela-l-byers,/people/angela-koberle
/people/ann-melissa-m-campbell,/people/ann-campbell
/people/anna-l-bruno,/people/anna-bruno
/people/anna-l-elder,/people/anna-elder
/people/anne-p-villamil,/people/anne-villamil
/people/art-a-durnev,/people/artem-durnev
/people/azeem-ahmed,/people/azeemuddin-ahmed
/people/barbara-g-thomas,/people/barbara-thomas-2
/people/barry-w-thomas,/people/barrett-thomas
/people/barton-e-cramer,/people/barton-cramer
/people/becky-krause-galoni,/people/rebecca-k-galoni
/people/benjamin-p-margolin,/people/benjamin-margolin
/people/beth-a-livingston,/people/beth-livingston
/people/beth-b-bellman,/people/suzanne-bellman
/people/beth-e-bewley-randall,/people/beth-bewley-randall
/people/bill-p-albrecht,/people/william-albrecht
/people/bob-b-walker,/people/bob-walker
/people/bob-e-fulwider,/people/robert-fulwider
/people/bob-j-hartman,/people/robert-hartman
/people/brandelle-m-unkrich,/people/brandelle-unkrich
/people/brent-t-pritchard,/people/brent-pritchard
/people/brian-d-richman,/people/brian-richman
/people/brian-w-heil,/people/brian-heil
/people/bruce-r-kline,/people/bruce-kline
/people/bryce-b-parker,/people/bryce-parker
/people/c-wei-li,/people/wei-li
/people/carl-c-schweser,/people/carl-schweser
/people/carl-r-follmer,/people/carl-follmer
/people/carol-c-fethke,/people/carol-fethke
/people/casey-n-westlake,/people/casey-westlake
/people/cathy-a-cole,/people/cathy-cole
/people/cathy-a-zaharis,/people/catherine-zaharis
/people/chad-e-diefenderfer,/people/chad-diefenderfer
/people/chad-van-iddekinge,/people/chad-vaniddekinge
/people/charles-w-keene,/people/charles-keene
/people/chelsea-m-hillman,/people/chelsea-hillman
/people/chuck-r-klasson,/people/charles-klasson
/people/cindy-k-meis,/people/cindy-meis
/people/cindy-l-reschly,/people/cindy-reschly
/people/craig-l-crawford,/people/craig-crawford
/people/cristi-a-gleason,/people/cristi-gleason
/people/d-charles-foster,/people/d-foster
/people/dain-c-donelson,/people/dain-donelson
/people/dan-m-shane,/people/dan-shane
/people/dan-w-collins,/people/daniel-collins
/people/danielle-a-dion,/people/danielle-dion
/people/darrin-s-thompson,/people/darrin-thompson
/people/david-a-carter,/people/david-carter
/people/david-e-frisvold,/people/david-frisvold
/people/david-j-ernst,/people/david-ernst
/people/david-k-hensley,/people/david-hensley
/people/david-s-bates,/people/david-bates
/people/dawn-m-bowlus,/people/dawn-bowlus
/people/dawn-t-kluber,/people/dawn-kluber
/people/dee-d-hurst,/people/deanna-hurst
/people/dick-a-grimlund,/people/richard-grimlund
/people/dirk-e-laschanzky,/people/dirk-laschanzky
/people/dirk-l-hugen,/people/dirk-hugen
/people/dj-nayakankuppam,/people/dhananjay-nayakankuppam
/people/don-j-szeszycki,/people/donald-szeszycki
/people/doug-v-dejong,/people/douglas-dejong
/people/doyle-l-weiss,/people/doyle-weiss
/people/eean-r-crawford,/people/eean-crawford
/people/elaheh-ela-seyedalikhani,/people/elaheh-seyedalikhani
/people/erica-a-meyer,/people/erica-meyer
/people/erin-c-johnson,/people/erin-johnson
/people/erin-l-nelson,/people/erin-nelson
/people/forrest-d-nelson,/people/forrest-nelson
/people/francine-a-bryce,/people/francine-bryce
/people/gale-j-mote,/people/gale-mote
/people/gary-a-wicklund,/people/gary-wicklund
/people/gary-c-fethke,/people/gary-fethke
/people/gary-j-gaeth,/people/gary-gaeth
/people/george-l-wehby,/people/george-wehby
/people/gerry-l-nordquist,/people/gerald-nordquist
/people/gerry-l-suchanek,/people/gerry-suchanek
/people/greg-l-stewart,/people/greg-stewart
/people/gregg-r-machetta,/people/gregg-machetta
/people/gregory-j-lamb,/people/gregory-lamb
/people/hal-d-larson,/people/hal-larson
/people/heidi-j-dybevik,/people/heidi-dybevik
/people/hennadige-n-thenuwara,/people/hennadige-thenuwara
/people/hy-joseph,/people/hyman-joseph
/people/ion-b-vasi,/people/ion-vasi
/people/james-a-kurtzleben,/people/james-kurtzleben
/people/jan-p-fasse,/people/jan-fasse
/people/jarjisu-sa-aadu,/people/jsa-aadu
/people/jaron-h-wilde,/people/jaron-wilde
/people/jay-j-christensen-szalanski,/people/jay-christensen-szalanski
/people/jeff-j-reuter,/people/jeff-reuter
/people/jeff-w-ohlmann,/people/jeffrey-ohlmann
/people/jen-j-blackhurst,/people/jennifer-blackhurst
/people/jennifer-j-carter,/people/jennifer-carter
/people/jenny-greazel,/people/jennifer-greazel
/people/jerry-l-rose,/people/gerald-rose
/people/jess-h-wilson,/people/jessica-h-wilson
/people/jill-j-tomkins,/people/jill-tomkins
/people/jill-k-smith,/people/jill-smith
/people/jim-w-chaffee,/people/james-chaffee
/people/joe-n-sulentic,/people/joseph-sulentic
/people/joe-w-gumpper,/people/gumpper
/people/john-h-spitzer,/people/john-spitzer
/people/john-l-solow,/people/john-solow
/people/john-lewis,/people/john-lewisjr
/people/john-p-courtney,/people/john-courtney
/people/john-p-murry,/people/john-murry
/people/jon-a-garfinkel,/people/jon-garfinkel
/people/jon-r-gray,/people/jon-gray
/people/joyce-e-berg,/people/joyce-berg
/people/kady-m-light,/people/kady-light
/people/kang-pyo-lee,/people/kangpyo-lee
/people/kara-b-avis,/people/kara-avis
/people/katie-k-millard,/people/patricia-millard
/people/kay-l-hegarty,/people/kay-hegarty
/people/keith-m-chiavetta,/people/keith-chiavetta
/people/ken-g-brown,/people/kenneth-g-brown
/people/kevin-l-felker,/people/kevin-felker
/people/kevin-s-keith,/people/kevin-keith
/people/kevin-w-krause,/people/kevin-krause
/people/kimberly-a-stoltz,/people/kimberly-stoltz
/people/kimm-m-harris,/people/kimm-harris
/people/kris-g-gulick,/people/kris-gulick
/people/kristen-s-stradt-johnson,/people/kristen-stradt-johnson
/people/kristina-gavin-bigsby,/people/kristina-gavin
/people/kristine-a-arens,/people/kristine-arens
/people/kristy-p-walker,/people/kristy-walker
/people/kurt-f-heiar,/people/kurt-heiar
/people/kurt-m-anstreicher,/people/kurt-anstreicher
/people/larry-a-cook,/people/lawrence-cook
/people/leighton-a-smith,/people/leighton-smith
/people/linda-l-mcniel,/people/linda-mcniel
/people/linda-m-muller,/people/linda-muller
/people/lindsey-r-aldrich,/people/lindsey-aldrich
/people/lisa-m-dutchik,/people/lisa-dutchik
/people/lisa-m-meaney,/people/lisa-meaney
/people/lola-l-lopes,/people/lola-lopes
/people/luciano-i-de-castro,/people/luciano-decastro
/people/lydia-j-fine,/people/lydia-fine
/people/lynn-m-allendorf,/people/lynn-allendorf
/people/maria-a-hasken-averkamp,/people/maria-haske-averkamp
/people/mark-a-archibald,/people/mark-archibald
/people/mark-a-winkler,/people/mark-winkler
/people/mark-c-penno,/people/mark-penno
/people/mary-k-knudson,/people/mary-knudson
/people/mary-m-murphy,/people/mary-murphy-1
/people/matsalyn-l-brown,/people/matsalyn-brown
/people/matthew-j-stee,/people/matthew-stee
/people/melissa-l-baker,/people/melissa-baker
/people/michael-d-altemeier,/people/michael-altemeier
/people/michael-l-stutzman,/people/michael-stutzman
/people/michael-t-durney,/people/michael-durney
/people/michael-w-colbert,/people/michael-colbert
/people/michelle-a-highly,/people/michelle-highly
/people/michelle-m-emmel,/people/michelle-emmel
/people/mick-k-mount,/people/michael-mount
/people/mike-schluckebier,/people/michael-schluckebier
/people/mikhail-v-grachev,/people/mikhail-grachev
/people/miranda-j-welbourne-eleazar,/people/miranda-welbourneeleazar
/people/nancy-j-abram,/people/nancy-abram
/people/nancy-r-hauserman,/people/nancy-hauserman
/people/nicholas-c-yannelis,/people/nicholas-yannelis
/people/nicholas-m-kavanaugh,/people/nicholas-kavanaugh
/people/nick-h-westergaard,/people/nick-westergaard
/people/nicole-k-schrock,/people/nicole-schrock
/people/nicole-l-vogt,/people/nicole-vogt
/people/nikki-l-lichthardt,/people/nicole-lichthardt
/people/norm-f-kallaus,/people/norman-kallaus
/people/nuray-akin,/people/serife-akin
/people/pak-c-wong,/people/pak-wong
/people/pamela-g-bourjaily,/people/pamela-bourjaily
/people/patrick-fan,/people/weiguo-fan
/people/patrick-j-highland,/people/patrick-highland
/people/paul-a-weller,/people/paul-weller
/people/paul-d-heath,/people/paul-heath
/people/peter-c-riesz,/people/peter-riesz
/people/phil-c-jones,/people/philip-c-jones
/people/phil-d-brooks,/people/philip-brooks
/people/rachel-a-stewart,/people/rachel-stewart
/people/randy-l-schultz,/people/randall-schultz
/people/raven-e-mcmurrin,/people/raven-mcmurrin
/people/ray-e-de-matta,/people/renato-dematta
/people/ray-g-riezman,/people/raymond-riezman
/people/renea-l-jay,/people/renea-jay
/people/rich-c-mccarty,/people/richard-c-mccarty
/people/richard-m-tubbs,/people/richard-tubbs
/people/rick-j-jerz,/people/richard-jerz
/people/rick-w-adrian,/people/rick-adrian
/people/rob-e-gettemy,/people/robert-gettemy
/people/rob-m-rouwenhorst,/people/robert-rouwenhorst
/people/robin-m-akers,/people/robin-akers
/people/roy-w-pettibone,/people/roy-pettibone
/people/sam-a-burer,/people/samuel-burer
/people/sam-drella,/people/samantha-drella
/people/sara-a-novotny,/people/sara-novotny
/people/sara-e-maples,/people/sara-maples
/people/sara-l-rynes-weller,/people/sara-rynes
/people/sarah-r-frank,/people/sarah-frank
/people/shari-l-piekarski,/people/shari-piekarski
/people/sivakumar-n-rajan,/people/sivakumar-rajan
/people/stephanie-k-schnicker,/people/stephanie-schnicker
/people/stephanie-r-bauder,/people/stephanie-bauder
/people/steven-t-stong,/people/steven-stong
/people/steven-w-abram,/people/steven-abram
/people/susan-a-collum,/people/susan-collum
/people/tak-lee,/people/hyeong-tak-lee
/people/terri-m-bobek,/people/terri-bobek
/people/terry-l-boles,/people/terry-boles
/people/tevin-s-robbins,/people/tevin-robbins
/people/thomas-a-rietz,/people/thomas-rietz
/people/thomas-f-pogue,/people/thomas-pogue
/people/thomas-r-berry-stoelzle,/people/thomas-berry
/people/tim-j-lowe,/people/timothy-lowe
/people/tim-r-oconner,/people/timothy-oconner
/people/timothy-l-shaftel,/people/timothy-shaftel
/people/todd-a-degraff,/people/todd-degraff
/people/tom-j-carroll,/people/thomas-carroll
/people/tom-j-walsh,/people/thomas-walsh-1
/people/tom-s-gruca,/people/thomas-gruca
/people/valdean-c-lembke,/people/valdean-lembke
/people/valerie-a-glanz,/people/valerie-glanz
/people/wade-e-steenhoek,/people/wade-steenhoek
/people/warren-j-boe,/people/warren-boe
/people/wendy-a-askling,/people/wendy-askling
/people/yvonne-l-galusha,/people/yvonne-galusha
/people/dennis-e-jordan,/people/dennis-jordan
/people/deb-m-neyens,/people/dmneyens
/people/erin-k-elgin,/people/erin-elgin
/people/josey-e-bathke,/people/josephine-bathke
/people/kevin-j-den-adel,/people/kevin-denadel
/people/mariya-a-bobina,/people/mariya-bobina
/people/pat-j-johanns,/people/patrick-johanns
/people/timothy-a-barker,/people/timothy-barker